{
  "formatVersion": 1,
  "database": {
    "version": 6,
    "identityHash": "3b023f56df4512b834cbd578c561567d",
    "entities": [
      {
        "tableName": "searchRecord",
        "createSql": "CREATE TABLE IF NOT EXISTS `${TABLE_NAME}` (`id` INTEGER PRIMARY KEY AUTOINCREMENT NOT NULL, `uid` TEXT, `key_word` TEXT)",
        "fields": [
          {
            "fieldPath": "id",
            "columnName": "id",
            "affinity": "INTEGER",
            "notNull": true
          },
          {
            "fieldPath": "uid",
            "columnName": "uid",
            "affinity": "TEXT",
            "notNull": false
          },
          {
            "fieldPath": "keyWord",
            "columnName": "key_word",
            "affinity": "TEXT",
            "notNull": false
          }
        ],
        "primaryKey": {
          "columnNames": [
            "id"
          ],
          "autoGenerate": true
        },
        "indices": [],
        "foreignKeys": []
      },
      {
        "tableName": "translationConfig",
        "createSql": "CREATE TABLE IF NOT EXISTS `${TABLE_NAME}` (`id` INTEGER PRIMARY KEY AUTOINCREMENT NOT NULL, `baidu_key` TEXT, `baidu_secretKey` TEXT, `baidu_image_key` TEXT, `baidu_image_secretKey` TEXT, `tencent_key` TEXT, `tencent_secretKey` TEXT, `font_size` INTEGER NOT NULL, `font_color_translate` INTEGER NOT NULL, `font_color_discern` INTEGER NOT NULL, `font_color_bg` INTEGER NOT NULL, `wind_aph` REAL NOT NULL, `button_aph` REAL NOT NULL, `wind_time` INTEGER NOT NULL, `wind_width` INTEGER NOT NULL, `wind_height` INTEGER NOT NULL, `line_height` INTEGER NOT NULL, `line_width` INTEGER NOT NULL, `isTrim` INTEGER NOT NULL, `scree_err` INTEGER NOT NULL, `only_result` INTEGER NOT NULL, `isReplace` INTEGER NOT NULL, `isFilter` INTEGER NOT NULL, `isSaveRecord` INTEGER NOT NULL, `quickly_time` INTEGER NOT NULL, `mode` INTEGER NOT NULL, `isVertical` INTEGER NOT NULL, `isTouchChoice` INTEGER NOT NULL, `isQuicklyTrans` INTEGER NOT NULL, `windowNum` INTEGER NOT NULL, `isAssist` INTEGER NOT NULL, `isWindowTrans` INTEGER NOT NULL, `isTextTrans` INTEGER NOT NULL, `from` TEXT, `to` TEXT, `isTencentSdk` INTEGER NOT NULL)",
        "fields": [
          {
            "fieldPath": "id",
            "columnName": "id",
            "affinity": "INTEGER",
            "notNull": true
          },
          {
            "fieldPath": "baidu_key",
            "columnName": "baidu_key",
            "affinity": "TEXT",
            "notNull": false
          },
          {
            "fieldPath": "baidu_secretKey",
            "columnName": "baidu_secretKey",
            "affinity": "TEXT",
            "notNull": false
          },
          {
            "fieldPath": "baidu_image_key",
            "columnName": "baidu_image_key",
            "affinity": "TEXT",
            "notNull": false
          },
          {
            "fieldPath": "baidu_image_secretKey",
            "columnName": "baidu_image_secretKey",
            "affinity": "TEXT",
            "notNull": false
          },
          {
            "fieldPath": "tencent_key",
            "columnName": "tencent_key",
            "affinity": "TEXT",
            "notNull": false
          },
          {
            "fieldPath": "tencent_secretKey",
            "columnName": "tencent_secretKey",
            "affinity": "TEXT",
            "notNull": false
          },
          {
            "fieldPath": "font_size",
            "columnName": "font_size",
            "affinity": "INTEGER",
            "notNull": true
          },
          {
            "fieldPath": "font_color_translate",
            "columnName": "font_color_translate",
            "affinity": "INTEGER",
            "notNull": true
          },
          {
            "fieldPath": "font_color_discern",
            "columnName": "font_color_discern",
            "affinity": "INTEGER",
            "notNull": true
          },
          {
            "fieldPath": "font_color_bg",
            "columnName": "font_color_bg",
            "affinity": "INTEGER",
            "notNull": true
          },
          {
            "fieldPath": "wind_aph",
            "columnName": "wind_aph",
            "affinity": "REAL",
            "notNull": true
          },
          {
            "fieldPath": "button_aph",
            "columnName": "button_aph",
            "affinity": "REAL",
            "notNull": true
          },
          {
            "fieldPath": "wind_time",
            "columnName": "wind_time",
            "affinity": "INTEGER",
            "notNull": true
          },
          {
            "fieldPath": "wind_width",
            "columnName": "wind_width",
            "affinity": "INTEGER",
            "notNull": true
          },
          {
            "fieldPath": "wind_height",
            "columnName": "wind_height",
            "affinity": "INTEGER",
            "notNull": true
          },
          {
            "fieldPath": "line_height",
            "columnName": "line_height",
            "affinity": "INTEGER",
            "notNull": true
          },
          {
            "fieldPath": "line_width",
            "columnName": "line_width",
            "affinity": "INTEGER",
            "notNull": true
          },
          {
            "fieldPath": "isTrim",
            "columnName": "isTrim",
            "affinity": "INTEGER",
            "notNull": true
          },
          {
            "fieldPath": "scree_err",
            "columnName": "scree_err",
            "affinity": "INTEGER",
            "notNull": true
          },
          {
            "fieldPath": "only_result",
            "columnName": "only_result",
            "affinity": "INTEGER",
            "notNull": true
          },
          {
            "fieldPath": "isReplace",
            "columnName": "isReplace",
            "affinity": "INTEGER",
            "notNull": true
          },
          {
            "fieldPath": "isFilter",
            "columnName": "isFilter",
            "affinity": "INTEGER",
            "notNull": true
          },
          {
            "fieldPath": "isSaveRecord",
            "columnName": "isSaveRecord",
            "affinity": "INTEGER",
            "notNull": true
          },
          {
            "fieldPath": "quickly_time",
            "columnName": "quickly_time",
            "affinity": "INTEGER",
            "notNull": true
          },
          {
            "fieldPath": "mode",
            "columnName": "mode",
            "affinity": "INTEGER",
            "notNull": true
          },
          {
            "fieldPath": "isVertical",
            "columnName": "isVertical",
            "affinity": "INTEGER",
            "notNull": true
          },
          {
            "fieldPath": "isTouchChoice",
            "columnName": "isTouchChoice",
            "affinity": "INTEGER",
            "notNull": true
          },
          {
            "fieldPath": "isQuicklyTrans",
            "columnName": "isQuicklyTrans",
            "affinity": "INTEGER",
            "notNull": true
          },
          {
            "fieldPath": "windowNum",
            "columnName": "windowNum",
            "affinity": "INTEGER",
            "notNull": true
          },
          {
            "fieldPath": "isAssist",
            "columnName": "isAssist",
            "affinity": "INTEGER",
            "notNull": true
          },
          {
            "fieldPath": "isWindowTrans",
            "columnName": "isWindowTrans",
            "affinity": "INTEGER",
            "notNull": true
          },
          {
            "fieldPath": "isTextTrans",
            "columnName": "isTextTrans",
            "affinity": "INTEGER",
            "notNull": true
          },
          {
            "fieldPath": "from",
            "columnName": "from",
            "affinity": "TEXT",
            "notNull": false
          },
          {
            "fieldPath": "to",
            "columnName": "to",
            "affinity": "TEXT",
            "notNull": false
          },
          {
            "fieldPath": "isTencentSdk",
            "columnName": "isTencentSdk",
            "affinity": "INTEGER",
            "notNull": true
          }
        ],
        "primaryKey": {
          "columnNames": [
            "id"
          ],
          "autoGenerate": true
        },
        "indices": [],
        "foreignKeys": []
      },
      {
        "tableName": "replaces",
        "createSql": "CREATE TABLE IF NOT EXISTS `${TABLE_NAME}` (`id` INTEGER PRIMARY KEY AUTOINCREMENT NOT NULL, `target` TEXT, `replace` TEXT)",
        "fields": [
          {
            "fieldPath": "id",
            "columnName": "id",
            "affinity": "INTEGER",
            "notNull": true
          },
          {
            "fieldPath": "target",
            "columnName": "target",
            "affinity": "TEXT",
            "notNull": false
          },
          {
            "fieldPath": "replace",
            "columnName": "replace",
            "affinity": "TEXT",
            "notNull": false
          }
        ],
        "primaryKey": {
          "columnNames": [
            "id"
          ],
          "autoGenerate": true
        },
        "indices": [],
        "foreignKeys": []
      },
      {
        "tableName": "filters",
        "createSql": "CREATE TABLE IF NOT EXISTS `${TABLE_NAME}` (`id` INTEGER PRIMARY KEY AUTOINCREMENT NOT NULL, `filter` TEXT)",
        "fields": [
          {
            "fieldPath": "id",
            "columnName": "id",
            "affinity": "INTEGER",
            "notNull": true
          },
          {
            "fieldPath": "filter",
            "columnName": "filter",
            "affinity": "TEXT",
            "notNull": false
          }
        ],
        "primaryKey": {
          "columnNames": [
            "id"
          ],
          "autoGenerate": true
        },
        "indices": [],
        "foreignKeys": []
      },
      {
        "tableName": "translateRecord",
        "createSql": "CREATE TABLE IF NOT EXISTS `${TABLE_NAME}` (`id` INTEGER PRIMARY KEY AUTOINCREMENT NOT NULL, `raw` TEXT, `trans` TEXT, `time` INTEGER NOT NULL)",
        "fields": [
          {
            "fieldPath": "id",
            "columnName": "id",
            "affinity": "INTEGER",
            "notNull": true
          },
          {
            "fieldPath": "raw",
            "columnName": "raw",
            "affinity": "TEXT",
            "notNull": false
          },
          {
            "fieldPath": "trans",
            "columnName": "trans",
            "affinity": "TEXT",
            "notNull": false
          },
          {
            "fieldPath": "time",
            "columnName": "time",
            "affinity": "INTEGER",
            "notNull": true
          }
        ],
        "primaryKey": {
          "columnNames": [
            "id"
          ],
          "autoGenerate": true
        },
        "indices": [],
        "foreignKeys": []
      },
      {
        "tableName": "zips",
        "createSql": "CREATE TABLE IF NOT EXISTS `${TABLE_NAME}` (`id` INTEGER PRIMARY KEY AUTOINCREMENT NOT NULL, `filePath` TEXT, `zipPath` TEXT)",
        "fields": [
          {
            "fieldPath": "id",
            "columnName": "id",
            "affinity": "INTEGER",
            "notNull": true
          },
          {
            "fieldPath": "filePath",
            "columnName": "filePath",
            "affinity": "TEXT",
            "notNull": false
          },
          {
            "fieldPath": "zipPath",
            "columnName": "zipPath",
            "affinity": "TEXT",
            "notNull": false
          }
        ],
        "primaryKey": {
          "columnNames": [
            "id"
          ],
          "autoGenerate": true
        },
        "indices": [],
        "foreignKeys": []
      },
      {
        "tableName": "apps",
        "createSql": "CREATE TABLE IF NOT EXISTS `${TABLE_NAME}` (`id` INTEGER PRIMARY KEY AUTOINCREMENT NOT NULL, `name` TEXT, `icon` TEXT, `appDesc` TEXT, `downloadUrl` TEXT, `webPackage` TEXT, `webVersion` TEXT, `size` INTEGER NOT NULL, `score` TEXT, `realPackage` TEXT, `realVersion` TEXT, `downPath` TEXT, `downloadProgress` INTEGER NOT NULL, `unzipPath` TEXT, `unzipProgress` INTEGER NOT NULL, `queueTimeInMill` INTEGER NOT NULL, `isWorking` INTEGER NOT NULL, `downSpeed` INTEGER NOT NULL, `unzipSpeed` INTEGER NOT NULL, `isManualPaused` INTEGER NOT NULL, `isInstalled` INTEGER NOT NULL)",
        "fields": [
          {
            "fieldPath": "id",
            "columnName": "id",
            "affinity": "INTEGER",
            "notNull": true
          },
          {
            "fieldPath": "name",
            "columnName": "name",
            "affinity": "TEXT",
            "notNull": false
          },
          {
            "fieldPath": "icon",
            "columnName": "icon",
            "affinity": "TEXT",
            "notNull": false
          },
          {
            "fieldPath": "appDesc",
            "columnName": "appDesc",
            "affinity": "TEXT",
            "notNull": false
          },
          {
            "fieldPath": "downloadUrl",
            "columnName": "downloadUrl",
            "affinity": "TEXT",
            "notNull": false
          },
          {
            "fieldPath": "webPackage",
            "columnName": "webPackage",
            "affinity": "TEXT",
            "notNull": false
          },
          {
            "fieldPath": "webVersion",
            "columnName": "webVersion",
            "affinity": "TEXT",
            "notNull": false
          },
          {
            "fieldPath": "size",
            "columnName": "size",
            "affinity": "INTEGER",
            "notNull": true
          },
          {
            "fieldPath": "score",
            "columnName": "score",
            "affinity": "TEXT",
            "notNull": false
          },
          {
            "fieldPath": "realPackage",
            "columnName": "realPackage",
            "affinity": "TEXT",
            "notNull": false
          },
          {
            "fieldPath": "realVersion",
            "columnName": "realVersion",
            "affinity": "TEXT",
            "notNull": false
          },
          {
            "fieldPath": "downPath",
            "columnName": "downPath",
            "affinity": "TEXT",
            "notNull": false
          },
          {
            "fieldPath": "downloadProgress",
            "columnName": "downloadProgress",
            "affinity": "INTEGER",
            "notNull": true
          },
          {
            "fieldPath": "unzipPath",
            "columnName": "unzipPath",
            "affinity": "TEXT",
            "notNull": false
          },
          {
            "fieldPath": "unzipProgress",
            "columnName": "unzipProgress",
            "affinity": "INTEGER",
            "notNull": true
          },
          {
            "fieldPath": "queueTimeInMill",
            "columnName": "queueTimeInMill",
            "affinity": "INTEGER",
            "notNull": true
          },
          {
            "fieldPath": "isWorking",
            "columnName": "isWorking",
            "affinity": "INTEGER",
            "notNull": true
          },
          {
            "fieldPath": "downSpeed",
            "columnName": "downSpeed",
            "affinity": "INTEGER",
            "notNull": true
          },
          {
            "fieldPath": "unzipSpeed",
            "columnName": "unzipSpeed",
            "affinity": "INTEGER",
            "notNull": true
          },
          {
            "fieldPath": "isManualPaused",
            "columnName": "isManualPaused",
            "affinity": "INTEGER",
            "notNull": true
          },
          {
            "fieldPath": "isInstalled",
            "columnName": "isInstalled",
            "affinity": "INTEGER",
            "notNull": true
          }
        ],
        "primaryKey": {
          "columnNames": [
            "id"
          ],
          "autoGenerate": true
        },
        "indices": [],
        "foreignKeys": []
      }
    ],
    "views": [],
    "setupQueries": [
      "CREATE TABLE IF NOT EXISTS room_master_table (id INTEGER PRIMARY KEY,identity_hash TEXT)",
      "INSERT OR REPLACE INTO room_master_table (id,identity_hash) VALUES(42, '3b023f56df4512b834cbd578c561567d')"
    ]
  }
}