{
	"agcgw":{
		"backurl":"connect-drcn.dbankcloud.cn",
		"url":"connect-drcn.hispace.hicloud.com",
		"websocketbackurl":"connect-ws-drcn.hispace.dbankcloud.cn",
		"websocketurl":"connect-ws-drcn.hispace.dbankcloud.com"
	},
	"agcgw_all":{
		"CN":"connect-drcn.hispace.hicloud.com",
		"CN_back":"connect-drcn.dbankcloud.cn",
		"DE":"connect-dre.hispace.hicloud.com",
		"DE_back":"connect-dre.dbankcloud.cn",
		"RU":"connect-drru.hispace.hicloud.com",
		"RU_back":"connect-drru.dbankcloud.cn",
		"SG":"connect-dra.hispace.hicloud.com",
		"SG_back":"connect-dra.dbankcloud.cn"
	},
	"client":{
		"cp_id":"4740086200339187381",
		"product_id":"736430079245718614",
		"client_id":"628886025489351744",
		"client_secret":"1677C515458B13754E6E76E8C2944588981EC2B60F1D23D1D4C79D9700D14C55",
		"project_id":"736430079245718614",
		"app_id":"104331959",
		"api_key":"CgB6e3x9elVfSemyHgKugM9F4x+k9S1qaTdNmkCSdcgJDlL2UWqZHN15S0GWKMD0S1IbQ1HRl5sAbsKD2GsR1ZfE",
		"package_name":"com.xizhu.qiyou"
	},
	"oauth_client":{
		"client_id":"104331959",
		"client_type":1
	},
	"app_info":{
		"app_id":"104331959",
		"package_name":"com.xizhu.qiyou"
	},
	"service":{
		"analytics":{
			"collector_url":"datacollector-drcn.dt.hicloud.com,datacollector-drcn.dt.dbankcloud.cn",
			"resource_id":"p1",
			"channel_id":""
		},
		"search":{
			"url":"https://search-drcn.cloud.huawei.com"
		},
		"cloudstorage":{
			"storage_url":"https://agc-storage-drcn.platform.dbankcloud.cn"
		},
		"ml":{
			"mlservice_url":"ml-api-drcn.ai.dbankcloud.com,ml-api-drcn.ai.dbankcloud.cn"
		}
	},
	"region":"CN",
	"configuration_version":"3.0",
	"appInfos":[
		{
			"package_name":"com.xizhu.qiyou",
			"client":{
				"app_id":"104331959"
			},
			"app_info":{
				"package_name":"com.xizhu.qiyou",
				"app_id":"104331959"
			},
			"oauth_client":{
				"client_type":1,
				"client_id":"104331959"
			}
		}
	]
}